Waktu,Plat_Nomor,Confidence_YOLO
"2026-09-24 00:18:15","H2512AOC",0.61
"2026-09-24 00:18:26","B505WVL",0.75
"2026-09-24 00:31:40","H 261 Z",0.25
"2026-09-24 00:31:50","H 2512 TOC",0.39
"2026-09-24 00:32:05","H 2512 SN",0.49
"2026-09-24 00:32:08","I 618 R",0.35
"2026-09-24 00:32:14","B 214 B",0.50
"2026-09-24 00:32:18","B 9157 SF",0.68
"2026-09-24 00:32:27","S 2156 TOR",0.70
"2026-09-24 00:32:32","B 2156 TBR",0.81
"2026-09-24 00:32:36","B 2156 TOR",0.83
"2026-09-24 00:32:40","B 2156 TBR",0.82
"2026-09-24 00:32:45","B 2156 TOR",0.81
"2026-09-24 00:32:49","B 2156 TOR",0.82
"2026-09-24 00:32:53","B 2156 TOR",0.81
"2026-09-24 00:33:01","B 2155 TCR",0.67
"2026-09-24 00:33:05","G 2155 TBR",0.55
"2026-09-24 00:33:09","B 2156 TCR",0.63
"2026-09-24 00:33:14","B 2156 TSR",0.62
"2026-09-24 00:33:18","B 2156 TOR",0.76
"2026-09-24 00:33:23","B 2156 TOR",0.76
"2026-09-24 00:33:27","B 2156 TOR",0.69
"2026-09-24 00:33:31","B 2156 TBR",0.70
"2026-09-24 00:33:36","B 2156 TOR",0.77
"2026-09-24 00:33:40","B 2156 TOR",0.78
"2026-09-24 00:33:44","B 2156 TOR",0.78
"2026-09-24 00:33:49","B 2156 TOF",0.72
"2026-09-24 00:33:54","B 2156 TOO",0.62
"2026-09-24 00:33:58","B 2156 TGF",0.74
"2026-09-24 00:34:02","B 2156 TOR",0.73
"2026-09-24 00:34:07","B 2155 TOR",0.66
"2026-09-24 00:34:11","B 2156 TOR",0.64
"2026-09-24 00:34:15","B 2156 TOR",0.75
"2026-09-24 00:34:20","B 2156 TOR",0.79
"2026-09-24 00:34:24","B 2156 TOR",0.78
"2026-09-24 00:34:28","B 2156 TOR",0.76
"2026-09-24 00:35:56","H 2612 AOC",0.28
"2026-09-24 00:36:01","G 6148 AOC",0.44
